Workbook

Sheet Date Wise
A1: Date-wise Receivables
A2: Bills are sorted from oldest bill date to newest. Days Since Due updates automatically using TODAY().
A4: Bill Date | B4: Company | C4: Bill Number | D4: Bill Value | E4: Due Date | F4: Days Since Due | G4: Company Total
A5: 45713 | B5: Hatimi Enterprise | C5: NA/4094/24-25 | D5: 51250 | E5: 45713 | F5: =TODAY()-E5 -> 522 | G5: =SUMIF($B$5:$B$563,B5,$D$5:$D$563) -> 117780
A6: 45748 | B6: Hatimi Enterprise | C6: NA/0007/25-26 | D6: 6600 | E6: 45748 | F6: =TODAY()-E6 -> 487 | G6: =SUMIF($B$5:$B$563,B6,$D$5:$D$563) -> 117780
A7: 45750 | B7: Hatimi Enterprise | C7: NA/0038/25-26 | D7: 1514 | E7: 45750 | F7: =TODAY()-E7 -> 485 | G7: =SUMIF($B$5:$B$563,B7,$D$5:$D$563) -> 117780
A8: 45763 | B8: Hatimi Enterprise | C8: NA/0244/25-26 | D8: 8800 | E8: 45763 | F8: =TODAY()-E8 -> 472 | G8: =SUMIF($B$5:$B$563,B8,$D$5:$D$563) -> 117780
A9: 45772 | B9: Hatimi Enterprise | C9: NA/0394/25-26 | D9: 4000 | E9: 45772 | F9: =TODAY()-E9 -> 463 | G9: =SUMIF($B$5:$B$563,B9,$D$5:$D$563) -> 117780
A10: 45805 | B10: Hatimi Enterprise | C10: NA/0896/25-26 | D10: 4858 | E10: 45805 | F10: =TODAY()-E10 -> 430 | G10: =SUMIF($B$5:$B$563,B10,$D$5:$D$563) -> 117780
A11: 45831 | B11: Selvakumar Pipes & Fittings Company | C11: NA/1281/25-26 | D11: 1284 | E11: 45831 | F11: =TODAY()-E11 -> 404 | G11: =SUMIF($B$5:$B$563,B11,$D$5:$D$563) -> 23709
A12: 45850 | B12: Selvakumar Pipes & Fittings Company | C12: NA/1488/25-26 | D12: 4015 | E12: 45850 | F12: =TODAY()-E12 -> 385 | G12: =SUMIF($B$5:$B$563,B12,$D$5:$D$563) -> 23709
A13: 45857 | B13: Selvakumar Pipes & Fittings Company | C13: NA/1600/25-26 | D13: 2784 | E13: 45857 | F13: =TODAY()-E13 -> 378 | G13: =SUMIF($B$5:$B$563,B13,$D$5:$D$563) -> 23709
A14: 45860 | B14: Quadari Enterprises | C14: NA/1657/25-26 | D14: 3512 | E14: 45860 | F14: =TODAY()-E14 -> 375 | G14: =SUMIF($B$5:$B$563,B14,$D$5:$D$563) -> 58985
A15: 45871 | B15: Quadari Enterprises | C15: NA/1845/25-26 | D15: 3507 | E15: 45871 | F15: =TODAY()-E15 -> 364 | G15: =SUMIF($B$5:$B$563,B15,$D$5:$D$563) -> 58985
A16: 45877 | B16: Selvakumar Pipes & Fittings Company | C16: NA/1980/25-26 | D16: 7661 | E16: 45877 | F16: =TODAY()-E16 -> 358 | G16: =SUMIF($B$5:$B$563,B16,$D$5:$D$563) -> 23709
... A563: 46235 | B563: Y M Tools Traders | C563: NA/1892/26-27 | D563: 642 | E563: 46235 | F563: =TODAY()-E563 -> 0 | G563: =SUMIF($B$5:$B$563,B563,$D$5:$D$563) -> 13872

Sheet Bill Details
A1: Bill-wise Receivables
A2: Days Since Due uses TODAY() and updates whenever Excel recalculates. Negative values indicate a future due date.
A4: Company | B4: Bill Number | C4: Bill Date | D4: Bill Value | E4: Due Date | F4: Days Since Due | G4: Company Total
A5: AA Traders | B5: NA/1777/26-27 | C5: 46228 | D5: 37418 | E5: 46228 | F5: =TODAY()-E5 -> 7 | G5: =SUMIF($A$5:$A$563,A5,$D$5:$D$563) -> 195809
A6: AA Traders | B6: NA/1796/26-27 | C6: 46230 | D6: 18231 | E6: 46230 | F6: =TODAY()-E6 -> 5 | G6: =SUMIF($A$5:$A$563,A6,$D$5:$D$563) -> 195809
A7: AA Traders | B7: NA/1802/26-27 | C7: 46230 | D7: 6955 | E7: 46230 | F7: =TODAY()-E7 -> 5 | G7: =SUMIF($A$5:$A$563,A7,$D$5:$D$563) -> 195809
A8: AA Traders | B8: NA/1815/26-27 | C8: 46230 | D8: 24365 | E8: 46230 | F8: =TODAY()-E8 -> 5 | G8: =SUMIF($A$5:$A$563,A8,$D$5:$D$563) -> 195809
A9: AA Traders | B9: NA/1846/26-27 | C9: 46232 | D9: 38040 | E9: 46232 | F9: =TODAY()-E9 -> 3 | G9: =SUMIF($A$5:$A$563,A9,$D$5:$D$563) -> 195809
A10: AA Traders | B10: NA/1866/26-27 | C10: 46234 | D10: 70800 | E10: 46234 | F10: =TODAY()-E10 -> 1 | G10: =SUMIF($A$5:$A$563,A10,$D$5:$D$563) -> 195809
A11: Abbas Marketing | B11: NA/1522/26-27 | C11: 46216 | D11: 338 | E11: 46216 | F11: =TODAY()-E11 -> 19 | G11: =SUMIF($A$5:$A$563,A11,$D$5:$D$563) -> 338
A12: Aj Body Shop Solutions | B12: NA/1901/26-27 | C12: 46235 | D12: 2592 | E12: 46235 | F12: =TODAY()-E12 -> 0 | G12: =SUMIF($A$5:$A$563,A12,$D$5:$D$563) -> 2592
A13: Al Anwar Industrial Stores | B13: NA/1505/26-27 | C13: 46214 | D13: 3250 | E13: 46214 | F13: =TODAY()-E13 -> 21 | G13: =SUMIF($A$5:$A$563,A13,$D$5:$D$563) -> 26244
A14: Al Anwar Industrial Stores | B14: NA/1632/26-27 | C14: 46221 | D14: 650 | E14: 46221 | F14: =TODAY()-E14 -> 14 | G14: =SUMIF($A$5:$A$563,A14,$D$5:$D$563) -> 26244
A15: Al Anwar Industrial Stores | B15: NA/1761/26-27 | C15: 46228 | D15: 9450 | E15: 46228 | F15: =TODAY()-E15 -> 7 | G15: =SUMIF($A$5:$A$563,A15,$D$5:$D$563) -> 26244
A16: Al Anwar Industrial Stores | B16: NA/1810/26-27 | C16: 46230 | D16: 6400 | E16: 46230 | F16: =TODAY()-E16 -> 5 | G16: =SUMIF($A$5:$A$563,A16,$D$5:$D$563) -> 26244
... A563: Y M Tools Traders | B563: NA/1892/26-27 | C563: 46235 | D563: 642 | E563: 46235 | F563: =TODAY()-E563 -> 0 | G563: =SUMIF($A$5:$A$563,A563,$D$5:$D$563) -> 13872

Sheet Company Summary
A1: Receivables by Company
A2: Live aging date | C2: Grand total | E2: Total bills
A3: =TODAY() -> 46235 | C3: =SUM('Bill Details'!$D$5:$D$563) -> 4114814 | E3: =COUNTA('Bill Details'!$B$5:$B$563) -> 559
A5: Company | B5: Bill Count | C5: Total Receivable | D5: Oldest Due Date | E5: Max Days Since Due
A6: AA Traders | B6: =COUNTIF('Bill Details'!$A$5:$A$563,A6) -> 6 | C6: =SUMIF('Bill Details'!$A$5:$A$563,A6,'Bill Details'!$D$5:$D$563) -> 195809 | D6: =_xludf.MINIFS('Bill Details'!$E$5:$E$563,'Bill Details'!$A$5:$A$563,A6) -> #NAME? | E6: =_xludf.MAXIFS('Bill Details'!$F$5:$F$563,'Bill Details'!$A$5:$A$563,A6) -> #NAME?
A7: Abbas Marketing | B7: =COUNTIF('Bill Details'!$A$5:$A$563,A7) -> 1 | C7: =SUMIF('Bill Details'!$A$5:$A$563,A7,'Bill Details'!$D$5:$D$563) -> 338 | D7: =_xludf.MINIFS('Bill Details'!$E$5:$E$563,'Bill Details'!$A$5:$A$563,A7) -> #NAME? | E7: =_xludf.MAXIFS('Bill Details'!$F$5:$F$563,'Bill Details'!$A$5:$A$563,A7) -> #NAME?
A8: Aj Body Shop Solutions | B8: =COUNTIF('Bill Details'!$A$5:$A$563,A8) -> 1 | C8: =SUMIF('Bill Details'!$A$5:$A$563,A8,'Bill Details'!$D$5:$D$563) -> 2592 | D8: =_xludf.MINIFS('Bill Details'!$E$5:$E$563,'Bill Details'!$A$5:$A$563,A8) -> #NAME? | E8: =_xludf.MAXIFS('Bill Details'!$F$5:$F$563,'Bill Details'!$A$5:$A$563,A8) -> #NAME?
A9: Al Anwar Industrial Stores | B9: =COUNTIF('Bill Details'!$A$5:$A$563,A9) -> 5 | C9: =SUMIF('Bill Details'!$A$5:$A$563,A9,'Bill Details'!$D$5:$D$563) -> 26244 | D9: =_xludf.MINIFS('Bill Details'!$E$5:$E$563,'Bill Details'!$A$5:$A$563,A9) -> #NAME? | E9: =_xludf.MAXIFS('Bill Details'!$F$5:$F$563,'Bill Details'!$A$5:$A$563,A9) -> #NAME?
A10: Al Massaar Trading Company | B10: =COUNTIF('Bill Details'!$A$5:$A$563,A10) -> 1 | C10: =SUMIF('Bill Details'!$A$5:$A$563,A10,'Bill Details'!$D$5:$D$563) -> 1770 | D10: =_xludf.MINIFS('Bill Details'!$E$5:$E$563,'Bill Details'!$A$5:$A$563,A10) -> #NAME? | E10: =_xludf.MAXIFS('Bill Details'!$F$5:$F$563,'Bill Details'!$A$5:$A$563,A10) -> #NAME?
A11: ALIF & CO | B11: =COUNTIF('Bill Details'!$A$5:$A$563,A11) -> 1 | C11: =SUMIF('Bill Details'!$A$5:$A$563,A11,'Bill Details'!$D$5:$D$563) -> 4800 | D11: =_xludf.MINIFS('Bill Details'!$E$5:$E$563,'Bill Details'!$A$5:$A$563,A11) -> #NAME? | E11: =_xludf.MAXIFS('Bill Details'!$F$5:$F$563,'Bill Details'!$A$5:$A$563,A11) -> #NAME?
A12: Alif Traders | B12: =COUNTIF('Bill Details'!$A$5:$A$563,A12) -> 11 | C12: =SUMIF('Bill Details'!$A$5:$A$563,A12,'Bill Details'!$D$5:$D$563) -> 119404 | D12: =_xludf.MINIFS('Bill Details'!$E$5:$E$563,'Bill Details'!$A$5:$A$563,A12) -> #NAME? | E12: =_xludf.MAXIFS('Bill Details'!$F$5:$F$563,'Bill Details'!$A$5:$A$563,A12) -> #NAME?
A13: Alutech Foundry India (P) LTD | B13: =COUNTIF('Bill Details'!$A$5:$A$563,A13) -> 3 | C13: =SUMIF('Bill Details'!$A$5:$A$563,A13,'Bill Details'!$D$5:$D$563) -> 7965 | D13: =_xludf.MINIFS('Bill Details'!$E$5:$E$563,'Bill Details'!$A$5:$A$563,A13) -> #NAME? | E13: =_xludf.MAXIFS('Bill Details'!$F$5:$F$563,'Bill Details'!$A$5:$A$563,A13) -> #NAME?
A14: AM Machine Tools Centre | B14: =COUNTIF('Bill Details'!$A$5:$A$563,A14) -> 2 | C14: =SUMIF('Bill Details'!$A$5:$A$563,A14,'Bill Details'!$D$5:$D$563) -> 17788 | D14: =_xludf.MINIFS('Bill Details'!$E$5:$E$563,'Bill Details'!$A$5:$A$563,A14) -> #NAME? | E14: =_xludf.MAXIFS('Bill Details'!$F$5:$F$563,'Bill Details'!$A$5:$A$563,A14) -> #NAME?
A15: Amogha Polymers India Pvt Ltd | B15: =COUNTIF('Bill Details'!$A$5:$A$563,A15) -> 4 | C15: =SUMIF('Bill Details'!$A$5:$A$563,A15,'Bill Details'!$D$5:$D$563) -> 12267 | D15: =_xludf.MINIFS('Bill Details'!$E$5:$E$563,'Bill Details'!$A$5:$A$563,A15) -> #NAME? | E15: =_xludf.MAXIFS('Bill Details'!$F$5:$F$563,'Bill Details'!$A$5:$A$563,A15) -> #NAME?
A16: Apex Coco and Solar Energy PVT LTD | B16: =COUNTIF('Bill Details'!$A$5:$A$563,A16) -> 3 | C16: =SUMIF('Bill Details'!$A$5:$A$563,A16,'Bill Details'!$D$5:$D$563) -> 51533 | D16: =_xludf.MINIFS('Bill Details'!$E$5:$E$563,'Bill Details'!$A$5:$A$563,A16) -> #NAME? | E16: =_xludf.MAXIFS('Bill Details'!$F$5:$F$563,'Bill Details'!$A$5:$A$563,A16) -> #NAME?
A17: Aqiq Enterprises | B17: =COUNTIF('Bill Details'!$A$5:$A$563,A17) -> 7 | C17: =SUMIF('Bill Details'!$A$5:$A$563,A17,'Bill Details'!$D$5:$D$563) -> 10155 | D17: =_xludf.MINIFS('Bill Details'!$E$5:$E$563,'Bill Details'!$A$5:$A$563,A17) -> #NAME? | E17: =_xludf.MAXIFS('Bill Details'!$F$5:$F$563,'Bill Details'!$A$5:$A$563,A17) -> #NAME?
... A134: Y M Tools Traders | B134: =COUNTIF('Bill Details'!$A$5:$A$563,A134) -> 2 | C134: =SUMIF('Bill Details'!$A$5:$A$563,A134,'Bill Details'!$D$5:$D$563) -> 13872 | D134: =_xludf.MINIFS('Bill Details'!$E$5:$E$563,'Bill Details'!$A$5:$A$563,A134) -> #NAME? | E134: =_xludf.MAXIFS('Bill Details'!$F$5:$F$563,'Bill Details'!$A$5:$A$563,A134) -> #NAME?

Sheet Checks
A1: Workbook Checks
A3: Check | B3: Workbook Value | C3: Source Value | D3: Status
A4: Total receivables | B4: =SUM('Bill Details'!$D$5:$D$563) -> 4114814 | C4: 4114814 | D4: =IF(B4=C4,"PASS","FAIL") -> PASS
A5: Bill count | B5: =COUNTA('Bill Details'!$B$5:$B$563) -> 559 | C5: 559 | D5: =IF(B5=C5,"PASS","FAIL") -> PASS
A6: Company count | B6: =COUNTA('Company Summary'!$A$6:$A$134) -> 129 | C6: 129 | D6: =IF(B6=C6,"PASS","FAIL") -> PASS
A8: MODEL STATUS | B8: =IF(COUNTIF(D4:D6,"FAIL")=0,"PASS","FAIL") -> PASS

Sheet Source Notes
A1: Source Notes
A3: Source File | B3: Report | C3: Report Period | D3: PDF Pages | E3: Extraction Note
A4: RECIEVABLES.pdf | B4: Bills Receivable | C4: 1-Apr-2024 to 1-Aug-2026 | D4: 11 | E4: 559 bill rows extracted; total reconciled to printed final total of ₹41,14,814.
A6: The workbook includes alphabetical company views and a separate Date Wise view. Aging formulas use TODAY() and update daily when Excel recalculates.
